[
  {
    "surah": 1,
    "ayah": 1,
    "text": "بِسْمِ اللَّهِ الرَّحْمَٰنِ الرَّحِيمِ"
  },
  {
    "surah": 1,
    "ayah": 2,
    "text": "الْحَمْدُ لِلَّهِ رَبِّ الْعَالَمِينَ"
  },
  {
    "surah": 1,
    "ayah": 3,
    "text": "الرَّحْمَٰنِ الرَّحِيمِ"
  },
  {
    "surah": 1,
    "ayah": 4,
    "text": "مَالِكِ يَوْمِ الدِّينِ"
  },
  {
    "surah": 1,
    "ayah": 5,
    "text": "إِيَّاكَ نَعْبُدُ وَإِيَّاكَ نَسْتَعِينُ"
  },
  {
    "surah": 112,
    "ayah": 1,
    "text": "قُلْ هُوَ اللَّهُ أَحَدٌ"
  },
  {
    "surah": 112,
    "ayah": 2,
    "text": "اللَّهُ الصَّمَدُ"
  },
  {
    "surah": 112,
    "ayah": 3,
    "text": "لَمْ يَلِدْ وَلَمْ يُولَدْ"
  }
]